text,sentiment
Nothing special really,neutral
Waste of money,negative
It is okay ...,neutral
Product is fine,neutral
Waste of money honestly,negative
Absolutely fantastic,positive
It works as expected !,neutral
Very happy with this very,positive
Extremely disappointed,negative
Delivery was on time really,neutral
Worst experience ever !,negative
Excellent performance !!,positive
It works as expected,neutral
Very happy with this,positive
It works as expected,neutral
Best service ever very,positive
Late delivery,negative
Worst experience ever,negative
It is okay honestly,neutral
I hate this product very,negative
Highly recommend this !!,positive
Great quality !!,positive
Can be improved,neutral
"Not bad, not great !",neutral
Amazing experience kinda,positive
Super fast delivery,positive
Late delivery !!,negative
I hate this product ...,negative
Worth every penny,positive
Great quality kinda,positive
Worst experience ever really,negative
Not worth the money,negative
Late delivery really,negative
Product is fine !,neutral
Worth every penny,positive
Worth every penny !,positive
Average experience really,neutral
Very bad service !!,negative
Great quality ...,positive
Delivery was on time,neutral
Not worth the money very,negative
Great quality,positive
Super fast delivery,positive
Not worth the money,negative
Best service ever,positive
Very खराब experience,negative
I hate this product,negative
Extremely disappointed,negative
Very खराब experience !,negative
Worth every penny,positive
Worth every penny honestly,positive
Very खराब experience,negative
Great quality,positive
Not worth the money,negative
Late delivery,negative
I hate this product,negative
Highly recommend this,positive
Poor customer support !!,negative
Not worth the money very,negative
Okayish performance,neutral
Worst experience ever !,negative
Terrible quality,negative
Amazing experience very,positive
Very happy with this,positive
Very happy with this,positive
Nothing special really,neutral
It is okay,neutral
It is okay,neutral
Very happy with this honestly,positive
Very खराब experience ...,negative
Okayish performance,neutral
Can be improved,neutral
Great quality really,positive
I hate this product,negative
It is okay,neutral
Worst experience ever,negative
It works as expected,neutral
Product is fine,neutral
Best service ever kinda,positive
Extremely disappointed ...,negative
Best service ever,positive
Can be improved,neutral
Can be improved,neutral
Best service ever really,positive
I hate this product,negative
Very happy with this,positive
Very bad service really,negative
Poor customer support kinda,negative
Best service ever,positive
Super fast delivery kinda,positive
Late delivery kinda,negative
Worth every penny,positive
Product is fine,neutral
Super fast delivery,positive
I hate this product,negative
Great quality kinda,positive
Worst experience ever,negative
Super fast delivery very,positive
Absolutely fantastic,positive
Absolutely fantastic,positive
Okayish performance,neutral
Average experience,neutral
Waste of money,negative
Delivery was on time really,neutral
Not worth the money,negative
Late delivery !,negative
Okayish performance,neutral
Can be improved,neutral
I hate this product very,negative
I love this product,positive
Very happy with this,positive
Worth every penny !,positive
Highly recommend this,positive
Product is fine kinda,neutral
Excellent performance really,positive
Very खराब experience honestly,negative
Amazing experience,positive
Okayish performance,neutral
Neutral feeling ...,neutral
It works as expected ...,neutral
Poor customer support,negative
Poor customer support kinda,negative
Great quality ...,positive
Best service ever,positive
Excellent performance,positive
Nothing special really,neutral
Absolutely fantastic honestly,positive
Worth every penny honestly,positive
Terrible quality,negative
Worth every penny,positive
Average experience,neutral
Terrible quality very,negative
Can be improved kinda,neutral
Worst experience ever honestly,negative
Very bad service !,negative
Average experience,neutral
Excellent performance,positive
Excellent performance,positive
Okayish performance,neutral
Not worth the money !!,negative
Highly recommend this really,positive
Absolutely fantastic kinda,positive
Okayish performance,neutral
Extremely disappointed,negative
I love this product very,positive
It is okay !!,neutral
I love this product really,positive
Nothing special,neutral
Worth every penny,positive
Poor customer support,negative
Neutral feeling,neutral
Nothing special,neutral
Not worth the money,negative
"Not bad, not great very",neutral
Very bad service kinda,negative
Absolutely fantastic,positive
It is okay,neutral
Highly recommend this very,positive
Worst experience ever ...,negative
It works as expected,neutral
It is okay,neutral
It works as expected honestly,neutral
Super fast delivery really,positive
Neutral feeling,neutral
Great quality kinda,positive
Can be improved,neutral
Very happy with this honestly,positive
Extremely disappointed,negative
Super fast delivery,positive
Very खराब experience very,negative
Average experience ...,neutral
It works as expected,neutral
Can be improved !,neutral
Excellent performance,positive
Worth every penny very,positive
Worth every penny,positive
Poor customer support honestly,negative
I love this product !,positive
Product is fine very,neutral
It is okay,neutral
Super fast delivery,positive
Worst experience ever,negative
It works as expected,neutral
Poor customer support,negative
Neutral feeling,neutral
I hate this product,negative
Very bad service kinda,negative
Delivery was on time very,neutral
Delivery was on time,neutral
Can be improved really,neutral
It works as expected,neutral
Neutral feeling,neutral
Product is fine ...,neutral
I love this product,positive
Okayish performance,neutral
Amazing experience very,positive
Best service ever very,positive
Worst experience ever,negative
I hate this product very,negative
Very bad service,negative
Can be improved,neutral
Excellent performance,positive
Best service ever !,positive
Very happy with this,positive
Amazing experience very,positive
Okayish performance !!,neutral
Late delivery honestly,negative
Extremely disappointed really,negative
I love this product,positive
Worth every penny,positive
Extremely disappointed,negative
Highly recommend this honestly,positive
Great quality,positive
Late delivery,negative
Poor customer support,negative
Neutral feeling,neutral
Product is fine very,neutral
Very खराब experience honestly,negative
Product is fine very,neutral
Amazing experience very,positive
Terrible quality,negative
I hate this product kinda,negative
Delivery was on time,neutral
Worth every penny ...,positive
Not worth the money,negative
Excellent performance kinda,positive
It is okay,neutral
It works as expected kinda,neutral
Best service ever,positive
Extremely disappointed,negative
Very happy with this,positive
Worst experience ever honestly,negative
Amazing experience,positive
Average experience,neutral
Very bad service,negative
Great quality ...,positive
Can be improved ...,neutral
Average experience,neutral
Poor customer support,negative
Product is fine,neutral
Amazing experience,positive
Extremely disappointed,negative
Not worth the money very,negative
Worst experience ever,negative
Worth every penny ...,positive
Can be improved,neutral
Waste of money,negative
Absolutely fantastic,positive
Absolutely fantastic,positive
Super fast delivery,positive
Very bad service !!,negative
Delivery was on time,neutral
Excellent performance,positive
Terrible quality ...,negative
It works as expected !,neutral
Can be improved,neutral
Absolutely fantastic kinda,positive
Average experience,neutral
It works as expected,neutral
Delivery was on time,neutral
Okayish performance,neutral
Excellent performance very,positive
Absolutely fantastic,positive
Late delivery,negative
Neutral feeling very,neutral
Not worth the money very,negative
Product is fine,neutral
Delivery was on time,neutral
Nothing special,neutral
Can be improved really,neutral
Super fast delivery really,positive
Okayish performance,neutral
Average experience,neutral
Amazing experience,positive
Very खराब experience very,negative
Terrible quality !!,negative
Waste of money,negative
Extremely disappointed ...,negative
Okayish performance kinda,neutral
Worst experience ever ...,negative
Nothing special ...,neutral
Product is fine ...,neutral
It is okay !,neutral
It works as expected kinda,neutral
It works as expected !!,neutral
It works as expected,neutral
Waste of money very,negative
Waste of money !,negative
Can be improved !,neutral
Can be improved ...,neutral
Poor customer support very,negative
Highly recommend this,positive
It works as expected,neutral
Terrible quality,negative
Late delivery,negative
Super fast delivery very,positive
Excellent performance really,positive
It is okay,neutral
Not worth the money !!,negative
Average experience,neutral
Very happy with this,positive
Absolutely fantastic kinda,positive
Terrible quality,negative
Very bad service,negative
Not worth the money,negative
Product is fine very,neutral
Can be improved !,neutral
Absolutely fantastic !,positive
I love this product kinda,positive
Delivery was on time,neutral
Excellent performance honestly,positive
Waste of money,negative
I hate this product,negative
Absolutely fantastic,positive
Very happy with this,positive
Highly recommend this,positive
Amazing experience honestly,positive
Not worth the money,negative
Absolutely fantastic !!,positive
Nothing special,neutral
Extremely disappointed,negative
Waste of money,negative
Neutral feeling,neutral
"Not bad, not great",neutral
Extremely disappointed really,negative
"Not bad, not great really",neutral
Very bad service,negative
Very खराब experience,negative
Terrible quality !,negative
Can be improved very,neutral
Worst experience ever,negative
Amazing experience !!,positive
Nothing special,neutral
I love this product,positive
Nothing special,neutral
Absolutely fantastic,positive
Excellent performance ...,positive
Highly recommend this !,positive
Terrible quality honestly,negative
I hate this product !,negative
Extremely disappointed,negative
Worst experience ever kinda,negative
Very bad service,negative
Average experience ...,neutral
Not worth the money !!,negative
Amazing experience !,positive
Okayish performance really,neutral
Excellent performance very,positive
Excellent performance !!,positive
It is okay,neutral
It is okay,neutral
Nothing special,neutral
Super fast delivery,positive
Super fast delivery kinda,positive
Waste of money ...,negative
Worth every penny,positive
Super fast delivery,positive
Poor customer support kinda,negative
Excellent performance,positive
Very खराब experience ...,negative
Waste of money,negative
Terrible quality !,negative
I hate this product,negative
Delivery was on time honestly,neutral
Delivery was on time,neutral
Worth every penny kinda,positive
Worst experience ever,negative
Very खराब experience very,negative
Highly recommend this,positive
"Not bad, not great",neutral
It works as expected,neutral
Absolutely fantastic kinda,positive
Very happy with this,positive
Worth every penny honestly,positive
Nothing special !,neutral
Highly recommend this really,positive
I love this product kinda,positive
Average experience !,neutral
Product is fine,neutral
Worth every penny !,positive
Delivery was on time,neutral
Delivery was on time !,neutral
Excellent performance honestly,positive
Very bad service,negative
Excellent performance,positive
Nothing special,neutral
It works as expected,neutral
Late delivery really,negative
Can be improved really,neutral
Okayish performance !,neutral
Absolutely fantastic,positive
Product is fine,neutral
I love this product kinda,positive
Best service ever !!,positive
Delivery was on time !!,neutral
Product is fine !!,neutral
Product is fine,neutral
I hate this product,negative
Delivery was on time,neutral
Super fast delivery,positive
Amazing experience ...,positive
Neutral feeling,neutral
Product is fine !,neutral
Highly recommend this kinda,positive
Waste of money !!,negative
Not worth the money kinda,negative
Worst experience ever,negative
Best service ever,positive
Worst experience ever,negative
It is okay,neutral
Great quality,positive
Absolutely fantastic,positive
Okayish performance !!,neutral
Super fast delivery ...,positive
Highly recommend this,positive
"Not bad, not great !!",neutral
Very happy with this,positive
Excellent performance,positive
Okayish performance !!,neutral
Not worth the money,negative
Great quality,positive
Very bad service,negative
Okayish performance,neutral
Great quality,positive
Highly recommend this,positive
Very bad service honestly,negative
Very खराब experience,negative
I love this product,positive
It works as expected ...,neutral
Not worth the money really,negative
Late delivery,negative
Extremely disappointed,negative
Best service ever,positive
Okayish performance,neutral
It works as expected,neutral
I love this product honestly,positive
It works as expected,neutral
Delivery was on time,neutral
Waste of money really,negative
I hate this product,negative
Worth every penny kinda,positive
Can be improved,neutral
Amazing experience,positive
It is okay honestly,neutral
Can be improved,neutral
Can be improved,neutral
Great quality kinda,positive
Delivery was on time,neutral
Best service ever honestly,positive
Worth every penny,positive
Nothing special really,neutral
I love this product,positive
I hate this product !!,negative
Extremely disappointed very,negative
I hate this product really,negative
Not worth the money honestly,negative
It is okay,neutral
Neutral feeling,neutral
Product is fine kinda,neutral
Very खराब experience,negative
Best service ever,positive
Very bad service,negative
Super fast delivery very,positive
Not worth the money !,negative
It is okay kinda,neutral
Worst experience ever,negative
Poor customer support,negative
Extremely disappointed,negative
Amazing experience !!,positive
Late delivery,negative
Super fast delivery very,positive
Excellent performance !,positive
Terrible quality very,negative
Okayish performance,neutral
Not worth the money,negative
It is okay,neutral
Absolutely fantastic,positive
Amazing experience really,positive
Neutral feeling,neutral
Very खराब experience !!,negative
Worth every penny !,positive
Late delivery very,negative
Worst experience ever very,negative
Amazing experience kinda,positive
Worst experience ever !,negative
Super fast delivery,positive
Very खराब experience kinda,negative
I hate this product ...,negative
"Not bad, not great",neutral
Nothing special,neutral
Poor customer support ...,negative
Great quality,positive
Average experience,neutral
I love this product,positive
Okayish performance honestly,neutral
Worst experience ever,negative
I hate this product !,negative
Excellent performance !,positive
Great quality honestly,positive
Highly recommend this,positive
Terrible quality,negative
Extremely disappointed honestly,negative
Worst experience ever,negative
Absolutely fantastic very,positive
Very खराब experience honestly,negative
Can be improved,neutral
Poor customer support,negative
Very खराब experience really,negative
Product is fine,neutral
"Not bad, not great",neutral
Product is fine !,neutral
Worth every penny,positive
Highly recommend this really,positive
Can be improved,neutral
It works as expected,neutral
Neutral feeling,neutral
Best service ever,positive
It works as expected,neutral
Extremely disappointed kinda,negative
Very खराब experience honestly,negative
Okayish performance,neutral
Delivery was on time,neutral
"Not bad, not great",neutral
Highly recommend this,positive
Late delivery kinda,negative
Worst experience ever very,negative
Highly recommend this,positive
Best service ever kinda,positive
Waste of money,negative
Extremely disappointed,negative
Terrible quality,negative
Not worth the money very,negative
Can be improved,neutral
"Not bad, not great very",neutral
It is okay !!,neutral
Late delivery,negative
It is okay,neutral
Not worth the money,negative
Worst experience ever,negative
Neutral feeling very,neutral
Poor customer support ...,negative
Worth every penny really,positive
Neutral feeling !!,neutral
I hate this product,negative
Very खराब experience,negative
Worth every penny ...,positive
Average experience,neutral
It is okay,neutral
"Not bad, not great ...",neutral
Amazing experience very,positive
Neutral feeling,neutral
It works as expected,neutral
Terrible quality,negative
I love this product,positive
Very खराब experience ...,negative
Not worth the money !!,negative
Late delivery !,negative
Very खराब experience,negative
Great quality,positive
"Not bad, not great",neutral
Average experience really,neutral
Not worth the money kinda,negative
Neutral feeling really,neutral
Worst experience ever !!,negative
Delivery was on time,neutral
Amazing experience really,positive
Average experience very,neutral
Terrible quality,negative
Okayish performance really,neutral
Average experience,neutral
It is okay,neutral
Highly recommend this !!,positive
Very bad service !!,negative
Absolutely fantastic really,positive
It is okay,neutral
Average experience,neutral
Okayish performance,neutral
Highly recommend this,positive
It works as expected,neutral
Worth every penny kinda,positive
Super fast delivery,positive
Average experience !!,neutral
Best service ever,positive
Absolutely fantastic,positive
Super fast delivery very,positive
Excellent performance really,positive
Extremely disappointed,negative
Very खराब experience,negative
Poor customer support very,negative
I hate this product very,negative
Worst experience ever,negative
Best service ever,positive
Okayish performance,neutral
Terrible quality,negative
Not worth the money,negative
Extremely disappointed,negative
Product is fine,neutral
Great quality very,positive
Highly recommend this ...,positive
Product is fine,neutral
Not worth the money honestly,negative
Delivery was on time,neutral
Average experience,neutral
Super fast delivery ...,positive
Terrible quality,negative
Average experience ...,neutral
Absolutely fantastic,positive
Worst experience ever,negative
Excellent performance !,positive
Best service ever honestly,positive
Product is fine really,neutral
I hate this product,negative
Extremely disappointed,negative
Very खराब experience !,negative
Super fast delivery,positive
Not worth the money !,negative
Nothing special ...,neutral
Product is fine,neutral
It is okay,neutral
Great quality !!,positive
Delivery was on time !,neutral
Great quality very,positive
Extremely disappointed !,negative
Very bad service,negative
"Not bad, not great !!",neutral
Product is fine,neutral
Poor customer support,negative
Product is fine,neutral
Very खराब experience,negative
Waste of money !,negative
Okayish performance kinda,neutral
Average experience ...,neutral
Terrible quality honestly,negative
Excellent performance,positive
Extremely disappointed !!,negative
I hate this product honestly,negative
Late delivery !!,negative
Can be improved,neutral
Poor customer support !!,negative
I love this product,positive
Poor customer support,negative
Highly recommend this,positive
Extremely disappointed,negative
Very bad service,negative
It is okay,neutral
Average experience,neutral
Worst experience ever,negative
I love this product honestly,positive
Absolutely fantastic kinda,positive
Not worth the money !!,negative
Super fast delivery ...,positive
Late delivery !,negative
Worst experience ever kinda,negative
Poor customer support,negative
Delivery was on time,neutral
Nothing special,neutral
Neutral feeling ...,neutral
Not worth the money,negative
Very bad service kinda,negative
Delivery was on time,neutral
Excellent performance,positive
Worst experience ever,negative
Very bad service !!,negative
Very bad service,negative
Neutral feeling,neutral
Great quality !!,positive
Very bad service !,negative
Very bad service,negative
Terrible quality,negative
Can be improved really,neutral
Worst experience ever ...,negative
Extremely disappointed very,negative
Great quality,positive
"Not bad, not great",neutral
Excellent performance kinda,positive
Neutral feeling,neutral
Neutral feeling honestly,neutral
Amazing experience,positive
Super fast delivery,positive
Can be improved kinda,neutral
Super fast delivery,positive
Late delivery !!,negative
Poor customer support really,negative
Very happy with this,positive
Not worth the money,negative
Okayish performance,neutral
Amazing experience really,positive
Very bad service,negative
Extremely disappointed !!,negative
It works as expected,neutral
"Not bad, not great ...",neutral
Worst experience ever,negative
Delivery was on time,neutral
Average experience,neutral
"Not bad, not great really",neutral
Delivery was on time,neutral
Worth every penny,positive
Late delivery very,negative
Can be improved,neutral
Best service ever really,positive
Very bad service,negative
Amazing experience honestly,positive
I love this product,positive
Worst experience ever kinda,negative
I love this product,positive
Highly recommend this really,positive
Can be improved very,neutral
Late delivery very,negative
Product is fine ...,neutral
Excellent performance !,positive
"Not bad, not great really",neutral
Extremely disappointed really,negative
Highly recommend this kinda,positive
I hate this product,negative
Okayish performance kinda,neutral
Can be improved,neutral
It is okay,neutral
Can be improved,neutral
Very happy with this very,positive
Very happy with this !!,positive
Terrible quality kinda,negative
Okayish performance !!,neutral
I love this product,positive
It works as expected,neutral
Product is fine honestly,neutral
Delivery was on time kinda,neutral
Late delivery,negative
Terrible quality ...,negative
Best service ever,positive
Not worth the money ...,negative
It is okay !!,neutral
Waste of money very,negative
Delivery was on time,neutral
Not worth the money really,negative
Nothing special,neutral
Nothing special very,neutral
It works as expected,neutral
Excellent performance very,positive
Late delivery,negative
Waste of money !,negative
Waste of money ...,negative
I love this product kinda,positive
Very bad service ...,negative
Absolutely fantastic,positive
Very bad service,negative
I love this product,positive
Terrible quality very,negative
It is okay really,neutral
Best service ever honestly,positive
Amazing experience,positive
Okayish performance,neutral
Best service ever really,positive
Excellent performance kinda,positive
I hate this product honestly,negative
Not worth the money,negative
Terrible quality,negative
Waste of money,negative
Amazing experience,positive
Nothing special,neutral
Very bad service very,negative
Not worth the money very,negative
Extremely disappointed,negative
Very happy with this really,positive
Can be improved ...,neutral
Excellent performance,positive
I love this product,positive
Neutral feeling,neutral
Average experience,neutral
I hate this product,negative
Absolutely fantastic,positive
Extremely disappointed,negative
I love this product very,positive
Neutral feeling,neutral
Average experience kinda,neutral
Worth every penny !,positive
Great quality !,positive
Absolutely fantastic kinda,positive
It works as expected,neutral
Product is fine,neutral
Absolutely fantastic ...,positive
Neutral feeling,neutral
Waste of money,negative
Not worth the money ...,negative
Not worth the money,negative
Nothing special kinda,neutral
It is okay,neutral
Okayish performance,neutral
Late delivery,negative
It is okay,neutral
Can be improved really,neutral
Not worth the money kinda,negative
Very खराब experience,negative
Terrible quality,negative
Not worth the money,negative
Very bad service,negative
I love this product !,positive
Super fast delivery,positive
Can be improved really,neutral
Late delivery !!,negative
Worst experience ever !,negative
It is okay ...,neutral
Neutral feeling !!,neutral
Very खराब experience,negative
It works as expected kinda,neutral
Extremely disappointed !,negative
Highly recommend this,positive
Very खराब experience ...,negative
Late delivery,negative
Product is fine,neutral
Absolutely fantastic,positive
I love this product really,positive
Poor customer support very,negative
Poor customer support ...,negative
I love this product,positive
Very bad service really,negative
Nothing special,neutral
"Not bad, not great",neutral
Neutral feeling really,neutral
Absolutely fantastic,positive
Worst experience ever ...,negative
Worth every penny,positive
Late delivery,negative
Poor customer support,negative
Highly recommend this,positive
Can be improved !!,neutral
Great quality,positive
I love this product !,positive
Delivery was on time ...,neutral
Very happy with this,positive
"Not bad, not great",neutral
Excellent performance really,positive
Amazing experience really,positive
Worst experience ever honestly,negative
Can be improved,neutral
Poor customer support honestly,negative
Neutral feeling,neutral
Extremely disappointed very,negative
Worth every penny,positive
Absolutely fantastic,positive
"Not bad, not great kinda",neutral
Delivery was on time,neutral
"Not bad, not great",neutral
Extremely disappointed !!,negative
Not worth the money,negative
It is okay,neutral
Highly recommend this,positive
"Not bad, not great",neutral
Very खराब experience,negative
Super fast delivery,positive
Extremely disappointed,negative
Not worth the money honestly,negative
"Not bad, not great !",neutral
Average experience honestly,neutral
Product is fine,neutral
Very happy with this,positive
Product is fine,neutral
Great quality,positive
Average experience,neutral
Not worth the money,negative
Poor customer support very,negative
Worst experience ever,negative
Nothing special honestly,neutral
Absolutely fantastic very,positive
Poor customer support,negative
Very happy with this honestly,positive
"Not bad, not great kinda",neutral
It is okay,neutral
I love this product,positive
Super fast delivery,positive
It is okay really,neutral
It is okay very,neutral
Waste of money,negative
Worth every penny very,positive
Absolutely fantastic,positive
Nothing special,neutral
Super fast delivery really,positive
It works as expected !!,neutral
Worst experience ever,negative
Can be improved honestly,neutral
Best service ever,positive
Extremely disappointed,negative
Terrible quality really,negative
Waste of money ...,negative
Neutral feeling ...,neutral
Highly recommend this,positive
Waste of money very,negative
Best service ever,positive
I hate this product !,negative
Not worth the money,negative
Average experience,neutral
It is okay,neutral
I hate this product ...,negative
Worst experience ever,negative
Absolutely fantastic !!,positive
Okayish performance !!,neutral
Waste of money kinda,negative
It is okay very,neutral
Average experience very,neutral
"Not bad, not great",neutral
Very bad service,negative
Product is fine honestly,neutral
Worth every penny ...,positive
Very happy with this honestly,positive
Absolutely fantastic,positive
Average experience very,neutral
Nothing special,neutral
"Not bad, not great ...",neutral
Worst experience ever very,negative
Nothing special,neutral
Amazing experience very,positive
Okayish performance,neutral
Delivery was on time !!,neutral
Amazing experience,positive
Can be improved very,neutral
Worst experience ever,negative
I hate this product really,negative
"Not bad, not great kinda",neutral
Super fast delivery honestly,positive
Terrible quality,negative
Product is fine,neutral
Best service ever,positive
Waste of money !!,negative
It is okay really,neutral
Highly recommend this very,positive
I love this product,positive
Highly recommend this very,positive
Excellent performance,positive
Amazing experience,positive
Great quality !!,positive
It works as expected !!,neutral
Terrible quality !!,negative
Neutral feeling,neutral
Not worth the money kinda,negative
Delivery was on time,neutral
Late delivery !!,negative
Terrible quality !,negative
Poor customer support,negative
Terrible quality !,negative
Delivery was on time,neutral
Worst experience ever,negative
Worth every penny,positive
Very happy with this kinda,positive
Poor customer support,negative
Super fast delivery !,positive
"Not bad, not great !!",neutral
Worth every penny,positive
Nothing special !!,neutral
Poor customer support,negative
Super fast delivery,positive
Highly recommend this,positive
I love this product very,positive
It is okay kinda,neutral
Great quality very,positive
Can be improved,neutral
I hate this product,negative
Can be improved,neutral
Okayish performance ...,neutral
Late delivery !!,negative
I hate this product,negative
Great quality !,positive
Super fast delivery,positive
Average experience,neutral
Absolutely fantastic honestly,positive
Absolutely fantastic,positive
Average experience,neutral
Very bad service,negative
Amazing experience,positive
Very bad service !!,negative
Excellent performance kinda,positive
Very happy with this kinda,positive
Best service ever,positive
It is okay,neutral
Late delivery,negative
Delivery was on time,neutral
Super fast delivery,positive
Excellent performance,positive
Not worth the money,negative
I love this product,positive
Highly recommend this,positive
I hate this product really,negative
Very bad service,negative
Great quality really,positive
Absolutely fantastic,positive
Average experience,neutral
Average experience,neutral
It works as expected ...,neutral
Absolutely fantastic,positive
"Not bad, not great very",neutral
Product is fine honestly,neutral
Late delivery kinda,negative
Late delivery,negative
It works as expected,neutral
Amazing experience ...,positive
Terrible quality !,negative
Terrible quality,negative
It is okay,neutral
It works as expected ...,neutral
Not worth the money,negative
It is okay very,neutral
It works as expected honestly,neutral
